unix_ts,NAME,STATE,PID,PPID,CPU,VM_RSS,VM_SIZE,FD,THREADS,CpuUsageFloat64,VmRSSBytes,VmSizeBytes
1458768550,etcd,R (running),13657,13541,0.00 %,3.8 MB,124 MB,64,5,0.00,3760000,123684000
1458768551,etcd,S (sleeping),13657,13541,7.92 %,24 MB,472 MB,64,13,7.92,24504000,471508000
1458768552,etcd,S (sleeping),13657,13541,3.98 %,24 MB,472 MB,64,13,3.98,24504000,471508000
1458768553,etcd,S (sleeping),13657,13541,2.99 %,24 MB,472 MB,64,13,2.99,24504000,471508000
1458768554,etcd,S (sleeping),13657,13541,2.49 %,24 MB,472 MB,64,13,2.49,24504000,471508000
1458768555,etcd,S (sleeping),13657,13541,2.39 %,26 MB,472 MB,64,13,2.39,26376000,471508000
1458768556,etcd,S (sleeping),13657,13541,2.33 %,26 MB,472 MB,64,13,2.33,26516000,471508000
1458768557,etcd,S (sleeping),13657,13541,2.14 %,26 MB,472 MB,64,13,2.14,26516000,471508000
1458768558,etcd,S (sleeping),13657,13541,2.00 %,26 MB,472 MB,64,13,2.00,26516000,471508000
1458768559,etcd,S (sleeping),13657,13541,1.99 %,26 MB,472 MB,64,13,1.99,26516000,471508000
1458768560,etcd,S (sleeping),13657,13541,1.79 %,26 MB,472 MB,64,13,1.79,26516000,471508000
1458768561,etcd,S (sleeping),13657,13541,1.81 %,26 MB,472 MB,64,13,1.81,26516000,471508000
1458768562,etcd,S (sleeping),13657,13541,1.75 %,26 MB,472 MB,64,13,1.75,26516000,471508000
1458768563,etcd,S (sleeping),13657,13541,1.69 %,26 MB,472 MB,64,13,1.69,26516000,471508000
1458768564,etcd,S (sleeping),13657,13541,1.64 %,26 MB,472 MB,64,13,1.64,26516000,471508000
1458768565,etcd,S (sleeping),13657,13541,1.60 %,33 MB,472 MB,64,13,1.60,32968000,471508000
1458768566,etcd,S (sleeping),13657,13541,1.56 %,33 MB,472 MB,64,13,1.56,32968000,471508000
1458768567,etcd,S (sleeping),13657,13541,1.58 %,33 MB,472 MB,64,13,1.58,32968000,471508000
1458768568,etcd,S (sleeping),13657,13541,1.55 %,33 MB,473 MB,64,13,1.55,32968000,472564000
1458768569,etcd,S (sleeping),13657,13541,1.52 %,33 MB,473 MB,64,13,1.52,32968000,472564000
1458768570,etcd,S (sleeping),13657,13541,5.04 %,63 MB,584 MB,512,15,5.04,63144000,584088000
1458768571,etcd,R (running),13657,13541,15.63 %,144 MB,668 MB,512,15,15.63,144048000,668320000
1458768572,etcd,S (sleeping),13657,13541,27.03 %,246 MB,777 MB,512,15,27.03,245508000,776940000
1458768573,etcd,S (sleeping),13657,13541,38.25 %,394 MB,929 MB,512,15,38.25,393900000,929340000
1458768574,etcd,S (sleeping),13657,13541,50.67 %,471 MB,1.1 GB,512,15,50.67,470896000,1054924000
1458768575,etcd,S (sleeping),13657,13541,64.22 %,535 MB,1.1 GB,512,15,64.22,534708000,1056508000
1458768576,etcd,S (sleeping),13657,13541,77.83 %,713 MB,1.3 GB,512,15,77.83,713108000,1302664000
1458768577,etcd,S (sleeping),13657,13541,90.95 %,874 MB,1.5 GB,512,16,90.95,873576000,1549152000
1458768578,etcd,S (sleeping),13657,13541,103.28 %,1.0 GB,1.6 GB,512,16,103.28,1034704000,1646376000
1458768579,etcd,S (sleeping),13657,13541,113.38 %,1.2 GB,1.8 GB,512,16,113.38,1200800000,1799708000
1458768580,etcd,S (sleeping),13657,13541,119.55 %,1.2 GB,1.8 GB,512,16,119.55,1200800000,1799708000
1458768581,etcd,S (sleeping),13657,13541,123.36 %,1.3 GB,1.9 GB,512,16,123.36,1334264000,1932824000
1458768582,etcd,S (sleeping),13657,13541,123.88 %,1.5 GB,2.1 GB,512,16,123.88,1480056000,2077768000
1458768583,etcd,S (sleeping),13657,13541,121.46 %,1.5 GB,2.1 GB,512,16,121.46,1480056000,2077768000
1458768584,etcd,S (sleeping),13657,13541,119.27 %,1.5 GB,2.1 GB,512,16,119.27,1480056000,2077768000
1458768585,etcd,D (disk sleep),13657,13541,117.04 %,1.5 GB,2.1 GB,512,16,117.04,1480056000,2077768000
1458768586,etcd,R (running),13657,13541,118.12 %,1.5 GB,2.1 GB,512,16,118.12,1480056000,2077768000
1458768587,etcd,S (sleeping),13657,13541,119.78 %,1.5 GB,2.1 GB,512,16,119.78,1480056000,2077768000
1458768588,etcd,S (sleeping),13657,13541,122.20 %,1.5 GB,2.1 GB,512,16,122.20,1506680000,2077768000
1458768589,etcd,S (sleeping),13657,13541,120.10 %,1.5 GB,2.1 GB,512,16,120.10,1506680000,2077768000
1458768590,etcd,S (sleeping),13657,13541,118.15 %,1.5 GB,2.1 GB,512,16,118.15,1506680000,2077768000
1458768591,etcd,S (sleeping),13657,13541,116.40 %,1.5 GB,2.1 GB,512,16,116.40,1506680000,2077768000
1458768592,etcd,S (sleeping),13657,13541,115.84 %,1.5 GB,2.1 GB,512,16,115.84,1515356000,2077768000
1458768593,etcd,S (sleeping),13657,13541,117.14 %,1.6 GB,2.1 GB,512,16,117.14,1550616000,2078024000
1458768594,etcd,S (sleeping),13657,13541,117.98 %,1.7 GB,2.2 GB,512,16,117.98,1719048000,2246480000
1458768595,etcd,S (sleeping),13657,13541,115.50 %,1.7 GB,2.2 GB,512,16,115.50,1719048000,2246480000
1458768596,etcd,S (sleeping),13657,13541,113.03 %,1.7 GB,2.2 GB,512,16,113.03,1719048000,2246480000
1458768597,etcd,S (sleeping),13657,13541,110.65 %,1.7 GB,2.2 GB,512,16,110.65,1719048000,2246480000
1458768598,etcd,S (sleeping),13657,13541,108.40 %,1.7 GB,2.2 GB,512,16,108.40,1719048000,2246480000
1458768599,etcd,S (sleeping),13657,13541,106.21 %,1.7 GB,2.2 GB,512,16,106.21,1719048000,2246480000
1458768600,etcd,S (sleeping),13657,13541,104.09 %,1.7 GB,2.2 GB,512,16,104.09,1719048000,2246480000
1458768601,etcd,S (sleeping),13657,13541,102.07 %,1.7 GB,2.2 GB,512,16,102.07,1719048000,2246480000
1458768602,etcd,S (sleeping),13657,13541,100.13 %,1.7 GB,2.2 GB,512,16,100.13,1719048000,2246480000
1458768603,etcd,S (sleeping),13657,13541,98.29 %,1.7 GB,2.2 GB,512,16,98.29,1719048000,2246480000
1458768604,etcd,S (sleeping),13657,13541,96.47 %,1.7 GB,2.2 GB,512,16,96.47,1719048000,2246480000
1458768605,etcd,S (sleeping),13657,13541,94.76 %,1.7 GB,2.2 GB,512,16,94.76,1719448000,2246480000
1458768606,etcd,S (sleeping),13657,13541,93.09 %,1.7 GB,2.2 GB,512,16,93.09,1719448000,2246480000
1458768607,etcd,S (sleeping),13657,13541,91.48 %,1.7 GB,2.2 GB,512,16,91.48,1719448000,2246480000
1458768608,etcd,S (sleeping),13657,13541,89.91 %,1.7 GB,2.2 GB,512,16,89.91,1719448000,2246480000
1458768609,etcd,S (sleeping),13657,13541,88.42 %,1.7 GB,2.2 GB,512,16,88.42,1719448000,2246480000
1458768610,etcd,S (sleeping),13657,13541,86.98 %,1.7 GB,2.2 GB,512,16,86.98,1719448000,2246480000
1458768611,etcd,S (sleeping),13657,13541,85.64 %,1.7 GB,2.2 GB,512,16,85.64,1719448000,2246480000
1458768612,etcd,S (sleeping),13657,13541,84.28 %,1.7 GB,2.2 GB,512,16,84.28,1719448000,2246480000
1458768613,etcd,S (sleeping),13657,13541,82.96 %,1.7 GB,2.2 GB,512,16,82.96,1719448000,2246480000
1458768614,etcd,S (sleeping),13657,13541,81.69 %,1.7 GB,2.2 GB,512,16,81.69,1719448000,2246480000
1458768615,etcd,S (sleeping),13657,13541,80.45 %,1.7 GB,2.2 GB,512,16,80.45,1719448000,2246480000
1458768616,etcd,S (sleeping),13657,13541,79.27 %,1.7 GB,2.2 GB,512,16,79.27,1719448000,2246480000
1458768617,etcd,S (sleeping),13657,13541,78.10 %,1.7 GB,2.2 GB,512,16,78.10,1719448000,2246480000
1458768618,etcd,S (sleeping),13657,13541,76.96 %,1.7 GB,2.2 GB,512,16,76.96,1719448000,2246480000
1458768619,etcd,S (sleeping),13657,13541,75.86 %,1.7 GB,2.2 GB,512,16,75.86,1719448000,2246480000
1458768620,etcd,S (sleeping),13657,13541,74.79 %,1.7 GB,2.2 GB,512,16,74.79,1719448000,2246480000
1458768621,etcd,S (sleeping),13657,13541,73.75 %,1.7 GB,2.2 GB,512,16,73.75,1719448000,2246480000
1458768622,etcd,S (sleeping),13657,13541,72.75 %,1.7 GB,2.2 GB,512,16,72.75,1719448000,2246480000
1458768623,etcd,S (sleeping),13657,13541,71.77 %,1.7 GB,2.2 GB,512,16,71.77,1719448000,2246480000
1458768624,etcd,S (sleeping),13657,13541,70.81 %,1.7 GB,2.2 GB,512,16,70.81,1719448000,2246480000
1458768625,etcd,S (sleeping),13657,13541,69.89 %,1.7 GB,2.2 GB,512,16,69.89,1719448000,2246480000
1458768626,etcd,S (sleeping),13657,13541,68.99 %,1.7 GB,2.2 GB,512,16,68.99,1719448000,2246480000
1458768627,etcd,S (sleeping),13657,13541,68.11 %,1.7 GB,2.2 GB,512,16,68.11,1719448000,2246480000
1458768628,etcd,S (sleeping),13657,13541,67.24 %,1.7 GB,2.2 GB,512,16,67.24,1719448000,2246480000
1458768629,etcd,S (sleeping),13657,13541,66.41 %,1.7 GB,2.2 GB,512,16,66.41,1719448000,2246480000
1458768630,etcd,S (sleeping),13657,13541,66.03 %,1.7 GB,2.2 GB,512,16,66.03,1719448000,2246480000
1458768631,etcd,S (sleeping),13657,13541,67.66 %,1.7 GB,2.2 GB,512,16,67.66,1719448000,2246992000
1458768632,etcd,R (running),13657,13541,71.02 %,1.7 GB,2.2 GB,512,16,71.02,1719968000,2247376000
1458768633,etcd,S (sleeping),13657,13541,76.05 %,1.7 GB,2.2 GB,512,16,76.05,1721088000,2248144000
1458768634,etcd,S (sleeping),13657,13541,80.76 %,2.1 GB,2.6 GB,512,16,80.76,2082108000,2609096000
1458768635,etcd,S (sleeping),13657,13541,86.16 %,2.1 GB,2.6 GB,512,16,86.16,2082328000,2609352000
1458768636,etcd,R (running),13657,13541,91.53 %,2.2 GB,2.9 GB,512,16,91.53,2245456000,2916200000
1458768637,etcd,S (sleeping),13657,13541,96.63 %,2.6 GB,3.2 GB,512,16,96.63,2553428000,3222804000
1458768638,etcd,S (sleeping),13657,13541,101.07 %,3.1 GB,3.7 GB,512,16,101.07,3114020000,3746608000
1458768639,etcd,S (sleeping),13657,13541,106.16 %,3.1 GB,3.7 GB,512,16,106.16,3124160000,3746576000
1458768640,etcd,S (sleeping),13657,13541,111.08 %,3.1 GB,3.7 GB,512,16,111.08,3124160000,3746576000
1458768641,etcd,S (sleeping),13657,13541,116.23 %,3.5 GB,4.1 GB,512,17,116.23,3527284000,4128184000
1458768642,etcd,S (sleeping),13657,13541,120.48 %,3.5 GB,4.1 GB,512,17,120.48,3527284000,4128184000
1458768643,etcd,S (sleeping),13657,13541,124.38 %,3.5 GB,4.1 GB,512,17,124.38,3527284000,4128184000
1458768644,etcd,S (sleeping),13657,13541,128.74 %,3.5 GB,4.1 GB,512,17,128.74,3527284000,4128184000
1458768645,etcd,S (sleeping),13657,13541,132.24 %,3.5 GB,4.1 GB,512,17,132.24,3527284000,4128184000
1458768646,etcd,S (sleeping),13657,13541,133.61 %,3.5 GB,4.1 GB,512,17,133.61,3527284000,4128184000
1458768647,etcd,S (sleeping),13657,13541,134.99 %,3.5 GB,4.1 GB,512,17,134.99,3527284000,4128184000
1458768648,etcd,S (sleeping),13657,13541,134.97 %,3.5 GB,4.1 GB,512,17,134.97,3527284000,4128184000
1458768649,etcd,S (sleeping),13657,13541,134.54 %,3.5 GB,4.1 GB,512,17,134.54,3527284000,4128184000
1458768650,etcd,S (sleeping),13657,13541,135.20 %,3.5 GB,4.1 GB,512,17,135.20,3527284000,4128184000
1458768651,etcd,S (sleeping),13657,13541,135.45 %,3.5 GB,4.1 GB,512,17,135.45,3527284000,4128184000
1458768652,etcd,S (sleeping),13657,13541,137.15 %,3.5 GB,4.1 GB,512,17,137.15,3527548000,4128184000
1458768653,etcd,S (sleeping),13657,13541,139.08 %,3.5 GB,4.1 GB,512,17,139.08,3527548000,4128184000
1458768654,etcd,R (running),13657,13541,139.78 %,3.5 GB,4.1 GB,512,17,139.78,3527548000,4128184000
1458768655,etcd,R (running),13657,13541,140.00 %,3.5 GB,4.1 GB,512,17,140.00,3527548000,4128184000
1458768656,etcd,S (sleeping),13657,13541,140.66 %,3.5 GB,4.1 GB,512,17,140.66,3527548000,4128184000
1458768657,etcd,S (sleeping),13657,13541,140.05 %,3.5 GB,4.1 GB,512,17,140.05,3527548000,4128184000
1458768658,etcd,S (sleeping),13657,13541,139.10 %,3.5 GB,4.1 GB,512,17,139.10,3527548000,4128184000
1458768659,etcd,S (sleeping),13657,13541,138.14 %,3.5 GB,4.1 GB,512,17,138.14,3527548000,4128184000
1458768660,etcd,S (sleeping),13657,13541,137.58 %,3.5 GB,4.1 GB,512,17,137.58,3527548000,4128184000
1458768661,etcd,S (sleeping),13657,13541,137.55 %,3.5 GB,4.1 GB,512,17,137.55,3527548000,4128184000
1458768662,etcd,S (sleeping),13657,13541,138.14 %,3.5 GB,4.1 GB,512,17,138.14,3527548000,4128184000
1458768663,etcd,S (sleeping),13657,13541,137.96 %,3.5 GB,4.1 GB,512,17,137.96,3527548000,4128184000
1458768664,etcd,S (sleeping),13657,13541,138.52 %,3.5 GB,4.1 GB,512,17,138.52,3527548000,4128184000
1458768665,etcd,S (sleeping),13657,13541,137.72 %,3.5 GB,4.1 GB,512,17,137.72,3527548000,4128184000
1458768666,etcd,S (sleeping),13657,13541,136.84 %,3.5 GB,4.1 GB,512,17,136.84,3527548000,4128184000
1458768667,etcd,S (sleeping),13657,13541,135.96 %,3.5 GB,4.1 GB,512,17,135.96,3527548000,4128184000
1458768668,etcd,S (sleeping),13657,13541,135.11 %,3.5 GB,4.1 GB,512,17,135.11,3527548000,4128184000
1458768669,etcd,D (disk sleep),13657,13541,134.24 %,3.5 GB,4.1 GB,512,17,134.24,3527548000,4128184000
1458768670,etcd,S (sleeping),13657,13541,133.86 %,3.5 GB,4.1 GB,512,17,133.86,3527548000,4128184000
1458768671,etcd,S (sleeping),13657,13541,134.01 %,3.5 GB,4.1 GB,512,17,134.01,3527548000,4128184000
1458768672,etcd,S (sleeping),13657,13541,134.72 %,3.5 GB,4.1 GB,512,17,134.72,3527548000,4128184000
1458768673,etcd,R (running),13657,13541,134.70 %,3.5 GB,4.1 GB,512,17,134.70,3527548000,4128184000
1458768674,etcd,S (sleeping),13657,13541,135.34 %,3.5 GB,4.1 GB,512,17,135.34,3527548000,4128184000
1458768675,etcd,S (sleeping),13657,13541,134.49 %,3.5 GB,4.1 GB,512,17,134.49,3527548000,4128184000
1458768676,etcd,S (sleeping),13657,13541,133.52 %,3.5 GB,4.1 GB,512,17,133.52,3527548000,4128184000
1458768677,etcd,S (sleeping),13657,13541,132.55 %,3.5 GB,4.1 GB,512,17,132.55,3527548000,4128184000
1458768678,etcd,S (sleeping),13657,13541,131.57 %,3.5 GB,4.1 GB,512,17,131.57,3527548000,4128184000
1458768679,etcd,S (sleeping),13657,13541,130.62 %,3.5 GB,4.1 GB,512,17,130.62,3527548000,4128184000
1458768680,etcd,S (sleeping),13657,13541,129.65 %,3.5 GB,4.1 GB,512,17,129.65,3527548000,4128184000
1458768681,etcd,S (sleeping),13657,13541,128.69 %,3.5 GB,4.1 GB,512,17,128.69,3527548000,4128184000
1458768682,etcd,S (sleeping),13657,13541,127.73 %,3.5 GB,4.1 GB,512,17,127.73,3527548000,4128184000
1458768683,etcd,S (sleeping),13657,13541,126.79 %,3.5 GB,4.1 GB,512,17,126.79,3527548000,4128184000
1458768684,etcd,S (sleeping),13657,13541,125.87 %,3.5 GB,4.1 GB,512,17,125.87,3527548000,4128184000
1458768685,etcd,S (sleeping),13657,13541,124.96 %,3.5 GB,4.1 GB,512,17,124.96,3527548000,4128184000
1458768686,etcd,S (sleeping),13657,13541,124.07 %,3.5 GB,4.1 GB,512,17,124.07,3527548000,4128184000
1458768687,etcd,S (sleeping),13657,13541,123.17 %,3.5 GB,4.1 GB,512,17,123.17,3527548000,4128184000
1458768688,etcd,S (sleeping),13657,13541,122.29 %,3.5 GB,4.1 GB,512,17,122.29,3527548000,4128184000
1458768689,etcd,S (sleeping),13657,13541,121.43 %,3.5 GB,4.1 GB,512,17,121.43,3527548000,4128184000
1458768690,etcd,S (sleeping),13657,13541,120.80 %,3.5 GB,4.1 GB,512,17,120.80,3527548000,4128184000
1458768691,etcd,S (sleeping),13657,13541,121.31 %,3.5 GB,4.1 GB,512,17,121.31,3527548000,4128184000
1458768692,etcd,S (sleeping),13657,13541,123.12 %,3.5 GB,4.1 GB,512,17,123.12,3527548000,4128184000
1458768693,etcd,R (running),13657,13541,125.56 %,3.5 GB,4.1 GB,512,17,125.56,3527984000,4128184000
1458768694,etcd,S (sleeping),13657,13541,128.41 %,3.5 GB,4.1 GB,512,17,128.41,3528360000,4128952000
1458768695,etcd,R (running),13657,13541,131.79 %,3.5 GB,4.1 GB,512,17,131.79,3529960000,4130232000
1458768696,etcd,R (running),13657,13541,135.01 %,3.9 GB,4.7 GB,512,17,135.01,3888544000,4743940000
1458768697,etcd,R (running),13657,13541,138.82 %,4.3 GB,5.1 GB,512,17,138.82,4258088000,5103112000
1458768698,etcd,S (sleeping),13657,13541,141.89 %,4.9 GB,6.3 GB,512,17,141.89,4934040000,6333348000
1458768699,etcd,S (sleeping),13657,13541,145.61 %,5.0 GB,6.3 GB,512,17,145.61,5005712000,6337700000
1458768700,etcd,R (running),13657,13541,149.06 %,5.0 GB,6.3 GB,512,17,149.06,5036564000,6337700000
1458768701,etcd,S (sleeping),13657,13541,152.32 %,5.3 GB,6.3 GB,512,17,152.32,5281436000,6337956000
1458768702,etcd,S (sleeping),13657,13541,154.64 %,5.3 GB,6.3 GB,512,17,154.64,5281436000,6337956000
1458768703,etcd,D (disk sleep),13657,13541,157.44 %,5.6 GB,6.3 GB,512,17,157.44,5560580000,6337956000
1458768704,etcd,R (running),13657,13541,159.70 %,5.6 GB,6.3 GB,512,17,159.70,5560580000,6337956000
1458768705,etcd,S (sleeping),13657,13541,162.06 %,5.6 GB,6.3 GB,512,17,162.06,5560580000,6337956000
1458768706,etcd,S (sleeping),13657,13541,164.46 %,5.6 GB,6.3 GB,1024,17,164.46,5560728000,6337956000
1458768707,etcd,R (running),13657,13541,165.60 %,5.6 GB,6.3 GB,1024,17,165.60,5595544000,6337956000
1458768708,etcd,R (running),13657,13541,167.16 %,5.6 GB,6.3 GB,1024,17,167.16,5605784000,6337956000
1458768709,etcd,S (sleeping),13657,13541,168.39 %,5.6 GB,6.3 GB,1024,17,168.39,5605784000,6337956000
1458768710,etcd,S (sleeping),13657,13541,170.88 %,5.9 GB,6.8 GB,1024,17,170.88,5867024000,6779916000
1458768711,etcd,S (sleeping),13657,13541,171.75 %,6.0 GB,6.8 GB,1024,17,171.75,6019296000,6779916000
1458768713,etcd,S (sleeping),13657,13541,173.99 %,6.0 GB,6.8 GB,1024,17,173.99,6020604000,6780684000
1458768714,etcd,S (sleeping),13657,13541,175.74 %,6.0 GB,6.8 GB,1024,17,175.74,6020604000,6780684000
1458768715,etcd,S (sleeping),13657,13541,178.20 %,6.0 GB,6.8 GB,1024,17,178.20,6020604000,6780684000
1458768716,etcd,S (sleeping),13657,13541,180.24 %,6.0 GB,6.8 GB,1024,17,180.24,6020604000,6780684000
1458768717,etcd,S (sleeping),13657,13541,183.36 %,6.2 GB,6.8 GB,1024,17,183.36,6152208000,6780684000
1458768718,etcd,S (sleeping),13657,13541,185.19 %,6.2 GB,6.8 GB,1024,17,185.19,6152208000,6780684000
1458768719,etcd,S (sleeping),13657,13541,186.58 %,6.3 GB,7.2 GB,1024,17,186.58,6301660000,7246940000
1458768720,etcd,R (running),13657,13541,188.78 %,6.3 GB,7.2 GB,1024,17,188.78,6301660000,7247452000
1458768721,etcd,R (running),13657,13541,189.70 %,6.3 GB,7.2 GB,1024,17,189.70,6301660000,7247452000
1458768722,etcd,S (sleeping),13657,13541,191.50 %,6.3 GB,7.2 GB,1024,17,191.50,6301660000,7247452000
1458768723,etcd,S (sleeping),13657,13541,192.33 %,6.3 GB,7.2 GB,1024,17,192.33,6301660000,7247452000
1458768724,etcd,S (sleeping),13657,13541,192.98 %,6.6 GB,7.2 GB,1024,17,192.98,6574236000,7247452000
1458768725,etcd,S (sleeping),13657,13541,192.98 %,7.1 GB,7.8 GB,1024,17,192.98,7078712000,7750192000
1458768726,etcd,R (running),13657,13541,194.17 %,7.6 GB,8.3 GB,1024,17,194.17,7578900000,8252924000
1458768727,etcd,R (running),13657,13541,193.66 %,7.6 GB,8.3 GB,1024,17,193.66,7578900000,8252924000
1458768728,etcd,R (running),13657,13541,193.13 %,7.6 GB,8.3 GB,1024,17,193.13,7578900000,8252924000
1458768729,etcd,R (running),13657,13541,192.62 %,7.6 GB,8.3 GB,1024,17,192.62,7578900000,8252924000
1458768730,etcd,S (sleeping),13657,13541,191.84 %,7.6 GB,8.3 GB,1024,17,191.84,7578900000,8252924000
1458768731,etcd,S (sleeping),13657,13541,190.78 %,7.6 GB,8.3 GB,1024,17,190.78,7578900000,8252924000
1458768732,etcd,S (sleeping),13657,13541,189.98 %,7.6 GB,8.3 GB,1024,17,189.98,7578900000,8252924000
1458768733,etcd,S (sleeping),13657,13541,188.95 %,7.6 GB,8.3 GB,1024,17,188.95,7578900000,8252924000
1458768734,etcd,S (sleeping),13657,13541,187.92 %,7.6 GB,8.3 GB,1024,17,187.92,7578900000,8252924000
1458768735,etcd,S (sleeping),13657,13541,186.90 %,7.6 GB,8.3 GB,1024,17,186.90,7578900000,8252924000
1458768736,etcd,S (sleeping),13657,13541,185.90 %,7.6 GB,8.3 GB,1024,17,185.90,7578900000,8252924000
1458768737,etcd,S (sleeping),13657,13541,184.91 %,7.6 GB,8.3 GB,1024,17,184.91,7578900000,8252924000
1458768738,etcd,S (sleeping),13657,13541,183.93 %,7.6 GB,8.3 GB,1024,17,183.93,7578900000,8252924000
1458768739,etcd,S (sleeping),13657,13541,182.96 %,7.6 GB,8.3 GB,1024,17,182.96,7578900000,8252924000
1458768740,etcd,S (sleeping),13657,13541,182.01 %,7.6 GB,8.3 GB,1024,17,182.01,7578900000,8252924000
1458768741,etcd,S (sleeping),13657,13541,181.05 %,7.6 GB,8.3 GB,1024,17,181.05,7578900000,8252924000
1458768742,etcd,S (sleeping),13657,13541,180.11 %,7.6 GB,8.3 GB,1024,17,180.11,7578900000,8252924000
1458768743,etcd,S (sleeping),13657,13541,179.18 %,7.6 GB,8.3 GB,1024,17,179.18,7578900000,8252924000
1458768744,etcd,S (sleeping),13657,13541,178.25 %,7.6 GB,8.3 GB,1024,17,178.25,7578900000,8252924000
1458768745,etcd,S (sleeping),13657,13541,177.34 %,7.6 GB,8.3 GB,1024,17,177.34,7578900000,8252924000
1458768746,etcd,S (sleeping),13657,13541,176.44 %,7.6 GB,8.3 GB,1024,17,176.44,7578900000,8252924000
1458768747,etcd,S (sleeping),13657,13541,175.54 %,7.6 GB,8.3 GB,1024,17,175.54,7578900000,8252924000
1458768748,etcd,S (sleeping),13657,13541,174.67 %,7.6 GB,8.3 GB,1024,17,174.67,7578900000,8252924000
1458768749,etcd,S (sleeping),13657,13541,173.79 %,7.6 GB,8.3 GB,1024,17,173.79,7578900000,8252924000
1458768750,etcd,S (sleeping),13657,13541,172.93 %,7.6 GB,8.3 GB,1024,17,172.93,7578900000,8252924000
1458768751,etcd,S (sleeping),13657,13541,172.07 %,7.6 GB,8.3 GB,1024,17,172.07,7578900000,8252924000
1458768752,etcd,S (sleeping),13657,13541,171.22 %,7.6 GB,8.3 GB,1024,17,171.22,7578900000,8252924000
1458768753,etcd,S (sleeping),13657,13541,170.38 %,7.6 GB,8.3 GB,1024,17,170.38,7578900000,8252924000
1458768754,etcd,S (sleeping),13657,13541,169.54 %,7.6 GB,8.3 GB,1024,17,169.54,7578900000,8252924000
1458768755,etcd,S (sleeping),13657,13541,168.72 %,7.6 GB,8.3 GB,1024,17,168.72,7578900000,8252924000
1458768756,etcd,S (sleeping),13657,13541,167.91 %,7.6 GB,8.3 GB,1024,17,167.91,7579380000,8252924000
1458768757,etcd,S (sleeping),13657,13541,167.10 %,7.6 GB,8.3 GB,1024,17,167.10,7579380000,8252924000
1458768758,etcd,S (sleeping),13657,13541,166.29 %,7.6 GB,8.3 GB,1024,17,166.29,7579380000,8252924000
1458768759,etcd,S (sleeping),13657,13541,165.51 %,7.6 GB,8.3 GB,1024,17,165.51,7579380000,8252924000
1458768760,etcd,S (sleeping),13657,13541,164.72 %,7.6 GB,8.3 GB,1024,17,164.72,7579380000,8252924000
1458768761,etcd,S (sleeping),13657,13541,163.95 %,7.6 GB,8.3 GB,1024,17,163.95,7579380000,8252924000
1458768762,etcd,S (sleeping),13657,13541,163.17 %,7.6 GB,8.3 GB,1024,17,163.17,7579380000,8252924000
1458768763,etcd,S (sleeping),13657,13541,162.41 %,7.6 GB,8.3 GB,1024,17,162.41,7579380000,8252924000
1458768764,etcd,S (sleeping),13657,13541,161.66 %,7.6 GB,8.3 GB,1024,17,161.66,7579380000,8252924000
1458768765,etcd,S (sleeping),13657,13541,160.91 %,7.6 GB,8.3 GB,1024,17,160.91,7579380000,8252924000
1458768766,etcd,S (sleeping),13657,13541,160.16 %,7.6 GB,8.3 GB,1024,17,160.16,7579444000,8252924000
1458768767,etcd,S (sleeping),13657,13541,159.43 %,7.6 GB,8.3 GB,1024,17,159.43,7579444000,8252924000
1458768768,etcd,S (sleeping),13657,13541,158.71 %,7.6 GB,8.3 GB,1024,17,158.71,7579444000,8252924000
1458768769,etcd,S (sleeping),13657,13541,157.99 %,7.6 GB,8.3 GB,1024,17,157.99,7579444000,8252924000
1458768770,etcd,S (sleeping),13657,13541,157.26 %,7.6 GB,8.3 GB,1024,17,157.26,7579444000,8252924000
1458768771,etcd,S (sleeping),13657,13541,156.56 %,7.6 GB,8.3 GB,1024,17,156.56,7579444000,8252924000
1458768772,etcd,S (sleeping),13657,13541,155.86 %,7.6 GB,8.3 GB,1024,17,155.86,7579444000,8252924000
1458768773,etcd,S (sleeping),13657,13541,155.16 %,7.6 GB,8.3 GB,1024,17,155.16,7579444000,8252924000
1458768774,etcd,S (sleeping),13657,13541,154.47 %,7.6 GB,8.3 GB,1024,17,154.47,7579444000,8252924000
1458768775,etcd,S (sleeping),13657,13541,153.79 %,7.6 GB,8.3 GB,1024,17,153.79,7579444000,8252924000
1458768776,etcd,S (sleeping),13657,13541,153.11 %,7.6 GB,8.3 GB,1024,17,153.11,7579444000,8252924000
1458768777,etcd,S (sleeping),13657,13541,152.44 %,7.6 GB,8.3 GB,1024,17,152.44,7579444000,8252924000
1458768778,etcd,S (sleeping),13657,13541,151.77 %,7.6 GB,8.3 GB,1024,17,151.77,7579444000,8252924000
1458768779,etcd,S (sleeping),13657,13541,151.12 %,7.6 GB,8.3 GB,1024,17,151.12,7579444000,8252924000
1458768780,etcd,S (sleeping),13657,13541,150.45 %,7.6 GB,8.3 GB,1024,17,150.45,7579444000,8252924000
1458768781,etcd,S (sleeping),13657,13541,149.81 %,7.6 GB,8.3 GB,1024,17,149.81,7579444000,8252924000
1458768782,etcd,S (sleeping),13657,13541,149.17 %,7.6 GB,8.3 GB,1024,17,149.17,7579444000,8252924000
1458768783,etcd,S (sleeping),13657,13541,148.53 %,7.6 GB,8.3 GB,1024,17,148.53,7579444000,8252924000
1458768784,etcd,S (sleeping),13657,13541,147.90 %,7.6 GB,8.3 GB,1024,17,147.90,7579444000,8252924000
1458768785,etcd,S (sleeping),13657,13541,147.27 %,7.6 GB,8.3 GB,1024,17,147.27,7579444000,8252924000
1458768786,etcd,S (sleeping),13657,13541,146.65 %,7.6 GB,8.3 GB,1024,17,146.65,7579444000,8252924000
1458768787,etcd,S (sleeping),13657,13541,146.04 %,7.6 GB,8.3 GB,1024,17,146.04,7579444000,8252924000
1458768788,etcd,S (sleeping),13657,13541,145.42 %,7.6 GB,8.3 GB,1024,17,145.42,7579444000,8252924000
1458768789,etcd,S (sleeping),13657,13541,144.82 %,7.6 GB,8.3 GB,1024,17,144.82,7579444000,8252924000
1458768790,etcd,S (sleeping),13657,13541,144.22 %,7.6 GB,8.3 GB,1024,17,144.22,7579444000,8252924000
1458768791,etcd,S (sleeping),13657,13541,143.63 %,7.6 GB,8.3 GB,1024,17,143.63,7579444000,8252924000
1458768792,etcd,S (sleeping),13657,13541,143.04 %,7.6 GB,8.3 GB,1024,17,143.04,7579444000,8252924000
1458768793,etcd,S (sleeping),13657,13541,142.45 %,7.6 GB,8.3 GB,1024,17,142.45,7579444000,8252924000
1458768794,etcd,S (sleeping),13657,13541,141.87 %,7.6 GB,8.3 GB,1024,17,141.87,7579444000,8252924000
1458768795,etcd,S (sleeping),13657,13541,141.30 %,7.6 GB,8.3 GB,1024,17,141.30,7579444000,8252924000
1458768796,etcd,S (sleeping),13657,13541,140.73 %,7.6 GB,8.3 GB,1024,17,140.73,7579444000,8252924000
1458768797,etcd,S (sleeping),13657,13541,140.16 %,7.6 GB,8.3 GB,1024,17,140.16,7579444000,8252924000
1458768798,etcd,S (sleeping),13657,13541,139.60 %,7.6 GB,8.3 GB,1024,17,139.60,7579444000,8252924000
1458768799,etcd,S (sleeping),13657,13541,139.04 %,7.6 GB,8.3 GB,1024,17,139.04,7579444000,8252924000
1458768800,etcd,S (sleeping),13657,13541,138.49 %,7.6 GB,8.3 GB,1024,17,138.49,7579444000,8252924000
